"bodyid","post","pre","downstream","upstream","synweight","class","description","entryNerve","exitNerve","group","name","longTract","ntAcetylcholineProb","ntGabaProb","ntGlutamateProb","ntUnknownProb","origin","location","locationType","predictedNtProb","prefix","rootLocation","rootSide","statusLabel","subclass","synonyms","systematicType","target","transmission","type","vfbId","avgLocation","birthtime","hemilineage","serial","serialMotif","somaNeuromere","somaSide","subcluster","modality","tag","cluster","receptorType","subclassabbr","tosomaLocation","source","somaLocation","status","totalNtPredictions","predictedNt","celltypeTotalNtPredictions","celltypePredictedNt","voxels","soma"
"10024",1453,505,3710,1453,5163,"intrinsic neuron","4B in T1 LHS","None",NA,10024,"IN04B041_T1_L",NA,0.927288472652435,0.00775470491498709,0.0600415877997875,0.0049152453429997,"LegNpT1_L","16928,40222,47129","user",0.927288472652435,"BR","",NA,"Roughly traced","BR",NA,"IN04B041","LegNpT1_L",NA,"IN04B041","VFB_jrcv07qg","16928,40392,47257","secondary","04B",NA,NA,"T1","LHS",NA,NA,NA,NA,NA,NA,"",NA,"19862,41151,48363","Traced",505,"acetylcholine",1841,"acetylcholine",832590779,TRUE
"100339",759,677,4652,759,5411,"intrinsic neuron","4B in T1 LHS","None",NA,16938,"IN04B078_T1_L",NA,0.919547021389008,0.0295598562806845,0.0375136360526085,0.0133795011788607,"LegNpT1_L","16927,40880,48004","user",0.919547021389008,"IR","",NA,"Roughly traced","IR",NA,"IN04B078","LegNpT1_L",NA,"IN04B078","VFB_jrcv25f7","16928,40392,47257","secondary","04B",18857,"independent leg","T1","LHS",NA,NA,NA,NA,NA,NA,"",NA,"19907,40936,48972","Traced",677,"acetylcholine",8163,"acetylcholine",697166921,TRUE
"100525",279,210,1581,279,1860,"intrinsic neuron","9A? in T1 LHS","None",NA,14886,"IN04B091_T1_L",NA,0.518417954444885,0.0735975727438927,0.397149264812469,0.0108352107927203,"LegNpT1_L","11017,37044,50957","user",0.53211522102356,"IR","",NA,"Roughly traced","IR",NA,"IN04B091","LegNpT1_L",NA,"IN04B091","VFB_jrcv25kd","18951,36576,57782","secondary","04B",NA,NA,"T1","LHS",14886,NA,NA,NA,NA,NA,"",NA,"19796,41352,51830","Traced",210,"acetylcholine",1902,"acetylcholine",295121327,TRUE
"101447",1208,307,2109,1208,3317,"intrinsic neuron","4B in T1 LHS","None",NA,17534,"IN04B073_T1_L",NA,0.896939754486084,0.0529767088592052,0.0475525297224522,0.00253098248504102,"LegNpT1_L","16930,39716,46322","user",0.894038677215576,"BR","",NA,"Roughly traced","BR",NA,"IN04B073","LegNpT1_L",NA,"IN04B073","VFB_jrcv269z","16928,40392,47257","secondary","04B",NA,NA,"T1","LHS",16253,NA,NA,NA,NA,NA,"",NA,"20088,41152,47480","Traced",307,"acetylcholine",1453,"acetylcholine",607992384,TRUE
"101453",1776,457,3406,1776,5182,"intrinsic neuron","4B in T1 LHS","None",NA,19167,"IN04B053_T1_L",NA,0.918015599250793,0.0183101743459702,0.0540021322667599,0.00967210996896029,"LegNpT1_L","16927,40792,47968","user",0.918015599250793,"IR","",NA,"Roughly traced","IR",NA,"IN04B053","LegNpT1_L",NA,"IN04B053","VFB_jrcv26a5","16928,40392,47257","early secondary","04B",NA,NA,"T1","LHS",NA,NA,NA,NA,NA,NA,"",NA,"19308,40989,54415","Traced",457,"acetylcholine",936,"acetylcholine",797607225,TRUE
"102138",928,499,3782,928,4710,"intrinsic neuron","4B? in T1 LHS","None",NA,18802,"IN04B085_T1_L",NA,0.476821005344391,0.0822909623384476,0.416341871023178,0.024546142667532,"LegNpT1_L","16930,39763,46388","user",0.476821005344391,"IR","",NA,"RT Orphan","IR",NA,"IN04B085","LegNpT1_L",NA,"IN04B085","VFB_jrcv26t6","16928,40392,47257","secondary","04B",NA,NA,"T1","LHS",16626,NA,NA,NA,NA,NA,"",NA,"20026,40904,46710","Traced",499,"acetylcholine",2505,"acetylcholine",392862814,TRUE
"102536",1854,341,2184,1854,4038,"intrinsic neuron","20A? in T1 LHS","None",NA,16224,"IN04B092_T1_L",NA,0.600967228412628,0.115565106272697,0.277153491973877,0.00631413655355573,"LegNpT1_L","12002,33516,47244","user",0.600967228412628,"IR","",NA,"Roughly traced","IR",NA,"IN04B092","LegNpT1_L",NA,"IN04B092","VFB_jrcv2748","11855,33516,47329","secondary","04B",16224,"independent leg","T1","LHS",NA,NA,NA,NA,NA,NA,"",NA,"18692,40313,46716","Traced",341,"acetylcholine",2116,"acetylcholine",696483594,TRUE
"10314",9500,1821,16147,9500,25647,"ascending neuron","4B? primary in T1 LHS","None","CvC",10314,"AN04B001_T1_L","DLV",0.891893625259399,0.027051230892539,0.0772399231791496,0.00381521531380713,"LegNpT1_L","20993,37078,67070","user",0.891893625259399,"IA","","LHS","Roughly traced","IA",NA,"AN04B001","LegNpT2_L. LegNpT3_L",NA,"AN04B001","VFB_jrcv07yi","","early secondary","04B",10179,"complex","T1","LHS",NA,NA,NA,NA,NA,NA,"",NA,"20313,40796,48040","Traced",1821,"acetylcholine",8092,"acetylcholine",4731479506,TRUE
"11143",4444,1852,13288,4444,17732,"intrinsic neuron","pred ChAT",NA,NA,11081,"IN04B002_T1_L",NA,0.956956028938293,0.0163643322885036,0.0225828122347593,0.00409682095050812,"multi","19696,39866,46597","soma",0.956956028938293,"BI","",NA,"Roughly traced","BI",NA,"IN04B002","multi",NA,"IN04B002","VFB_jrcv08lj","","primary","04B",NA,NA,"T1","LHS",NA,NA,NA,NA,NA,NA,"",NA,"19696,39866,46597","Traced",1852,"acetylcholine",3688,"acetylcholine",2757914751,TRUE
"12523",3440,892,6218,3440,9658,"intrinsic neuron","4B? in T1 LHS","None",NA,12523,"IN04B008_T1_L",NA,0.906980156898499,0.0150981741026044,0.073000431060791,0.00492122024297714,"LegNpT1_L","16929,39922,46850","user",0.906980156898499,"BR","",NA,"Roughly traced","BR",NA,"IN04B008","LegNpT1_L",NA,"IN04B008","VFB_jrcv09nv","16928,40392,47257","primary","04B",11945,"independent leg","T1","LHS",NA,NA,NA,NA,NA,NA,"",NA,"21326,41579,46877","Traced",892,"acetylcholine",6074,"acetylcholine",1781992939,TRUE
"13128",1767,846,5625,1767,7392,"intrinsic neuron","20A in T1 LHS","None",NA,13128,"IN04B025_T1_L",NA,0.906313896179199,0.0190922450274229,0.0702246874570847,0.00436917087063193,"LegNpT1_L","11877,33516,47283","user",0.906313896179199,"IR","",NA,"Roughly traced","IR",NA,"IN04B025","LegNpT1_L",NA,"IN04B025","VFB_jrcv0a4o","11855,33516,47329","secondary","04B",13128,"independent leg","T1","LHS",NA,NA,NA,NA,NA,NA,"",NA,"11056,37424,45263","Traced",846,"acetylcholine",3613,"acetylcholine",1505293431,TRUE
"13409",1894,670,4166,1894,6060,"intrinsic neuron","20A in T1 LHS","None",NA,13798,"IN04B009_T1_L",NA,0.795754849910736,0.0491289608180523,0.150832399725914,0.00428377790376544,"LegNpT1_L","11810,33516,47266","user",0.79463142156601,"IR","",NA,"Roughly traced","IR",NA,"IN04B009","LegNpT1_L",NA,"IN04B009","VFB_jrcv0ach","11855,33516,47329","secondary","04B",NA,NA,"T1","LHS",13154,NA,NA,NA,NA,NA,"",NA,"10169,36597,45863","Traced",670,"acetylcholine",3657,"acetylcholine",1400112646,TRUE
"13436",2170,358,2146,2170,4316,"ascending neuron",NA,"None","CvC",13414,"AN04B003_T1_L","none",0.876477897167206,0.0170745477080345,0.0862366929650307,0.0202108528465033,"LegNpT1_L","22678,36163,67070","user",0.876477897167206,"IA","","LHS","Roughly traced","IA",NA,"AN04B003","LegNpT1_L",NA,"AN04B003","VFB_jrcv0ad8","","primary","04B",10394,"ascending","T1","LHS",NA,NA,NA,NA,NA,NA,"",NA,"14328,39047,45054","Traced",358,"acetylcholine",4145,"acetylcholine",1643531968,TRUE
"13455",1339,850,5753,1339,7092,"intrinsic neuron",NA,NA,NA,12949,"IN04B010_T1_L",NA,0.933670222759247,0.0191235039383173,0.0421399213373661,0.00506635010242462,"LegNpT1_L","12612,38103,44760","soma",0.933670222759247,"BR","",NA,"Roughly traced","BR",NA,"IN04B010","LegNpT1_L",NA,"IN04B010","VFB_jrcv0adr","","secondary","04B",NA,NA,"T1","LHS",NA,NA,NA,NA,NA,NA,"",NA,"12612,38103,44760","Traced",850,"acetylcholine",4815,"acetylcholine",1372716092,TRUE
"13506",2296,586,4056,2296,6352,"intrinsic neuron","20A? in T1 LHS","None",NA,13506,"IN04B013_T1_L",NA,0.826829850673676,0.0304757580161095,0.140069708228111,0.0026246877387166,"LegNpT1_L","11811,33516,47336","user",0.826829850673676,"BR","",NA,"Roughly traced","BR",NA,"IN04B013","LegNpT1_L",NA,"IN04B013","VFB_jrcv0af6","11855,33516,47329","secondary","04B",NA,NA,"T1","LHS",13154,NA,NA,NA,NA,NA,"",NA,"10377,36224,45768","Traced",586,"acetylcholine",4137,"acetylcholine",1348694820,TRUE
"13589",1411,839,5806,1411,7217,"intrinsic neuron",NA,NA,NA,12949,"IN04B010_T1_L",NA,0.928746044635773,0.0165377575904131,0.051958441734314,0.00275777047500014,"LegNpT1_L.LegNpT1_R","13515,38925,44544","soma",0.927640378475189,"BR","",NA,"Roughly traced","BR",NA,"IN04B010","LegNpT1_L",NA,"IN04B010","VFB_jrcv0ahh","","secondary","04B",NA,NA,"T1","LHS",NA,NA,NA,NA,NA,NA,"",NA,"13515,38925,44544","Traced",839,"acetylcholine",4815,"acetylcholine",1360032265,TRUE
"13770",1600,780,4975,1600,6575,"intrinsic neuron","20A in T1 LHS","None",NA,13465,"IN04B026_T1_L",NA,0.85103839635849,0.0322572141885757,0.111618690192699,0.00508567225188017,"LegNpT1_L","11897,33516,47371","user",0.850007653236389,"IR","",NA,"Roughly traced","IR",NA,"IN04B026","LegNpT1_L",NA,"IN04B026","VFB_jrcv0ami","11855,33516,47329","secondary","04B",13465,"independent leg","T1","LHS",NA,NA,NA,NA,NA,NA,"",NA,"13756,38726,45084","Traced",780,"acetylcholine",3520,"acetylcholine",1289883970,TRUE
"13798",2015,584,3483,2015,5498,"intrinsic neuron","20A? in T1 LHS","None",NA,13798,"IN04B009_T1_L",NA,0.717794954776764,0.0551516450941563,0.218328684568405,0.00872473139315844,"LegNpT1_L","11928,33516,47342","user",0.717794954776764,"IR","",NA,"Roughly traced","IR",NA,"IN04B009","LegNpT1_L",NA,"IN04B009","VFB_jrcv0ana","11855,33516,47329","secondary","04B",NA,NA,"T1","LHS",13154,NA,NA,NA,NA,NA,"",NA,"11874,38183,45267","Traced",584,"acetylcholine",3657,"acetylcholine",1273819479,TRUE
"13975",2385,441,2767,2385,5152,"intrinsic neuron","20A in T1 LHS","None",NA,13975,"IN04B015_T1_L",NA,0.649586915969849,0.143509805202484,0.200770422816277,0.00613287603482604,"LegNpT1_L","12402,33515,47377","user",0.649586915969849,"IR","",NA,"Roughly traced","IR",NA,"IN04B015","LegNpT1_L",NA,"IN04B015","VFB_jrcv0as7","11855,33516,47329","secondary","04B",NA,NA,"T1","LHS",13910,NA,NA,NA,NA,NA,"",NA,"18074,40396,47003","Traced",441,"acetylcholine",2507,"acetylcholine",1243969373,TRUE
"14024",2519,442,2653,2519,5172,"intrinsic neuron","20A? in T1 LHS","None",NA,14024,"IN04B015_T1_L",NA,0.654651582241058,0.118756644427776,0.217902109026909,0.0086896438151598,"LegNpT1_L","12181,33516,47263","user",0.654651582241058,"IR","",NA,"Roughly traced","IR",NA,"IN04B015","LegNpT1_L",NA,"IN04B015","VFB_jrcv0atk","11855,33516,47329","secondary","04B",NA,NA,"T1","LHS",13910,NA,NA,NA,NA,NA,"",NA,"16550,39942,46246","Traced",442,"acetylcholine",2507,"acetylcholine",1233288377,TRUE
"14031",1774,605,4180,1774,5954,"intrinsic neuron",NA,NA,NA,14031,"IN04B028_T1_L",NA,0.944180369377136,0.009779985062778,0.040072213858366,0.00596744660288095,"multi","19294,41357,49886","soma",0.942825198173523,"BI","",NA,"Roughly traced","BI",NA,"IN04B028","LegNpT1_L.LegNpT1_R",NA,"IN04B028","VFB_jrcv0atr","","secondary","04B",NA,NA,"T1","LHS",NA,NA,NA,NA,NA,NA,"",NA,"19294,41357,49886","Traced",605,"acetylcholine",2332,"acetylcholine",1027534035,TRUE
"14389",2308,913,6241,2308,8549,"intrinsic neuron",NA,NA,NA,14389,"IN04B014_T1_L",NA,0.934345006942749,0.00978099275380373,0.053384143859148,0.00248982640914619,"LegNpT1_L","19066,39639,46279","soma",0.934345006942749,"IR","",NA,"Roughly traced","IR",NA,"IN04B014","LegNpT1_L",NA,"IN04B014","VFB_jrcv0b3p","","early secondary","04B",NA,NA,"T1","LHS",NA,NA,NA,NA,NA,NA,"",NA,"19066,39639,46279","Traced",913,"acetylcholine",1854,"acetylcholine",1140902301,TRUE
"14697",2208,573,3510,2208,5718,"intrinsic neuron","20A? in T1 LHS","None",NA,13798,"IN04B009_T1_L",NA,0.725487470626831,0.0476891957223415,0.214363411068916,0.0124599495902658,"LegNpT1_L","11858,33516,47243","user",0.725487470626831,"IR","",NA,"Roughly traced","IR",NA,"IN04B009","LegNpT1_L",NA,"IN04B009","VFB_jrcv0bc9","11855,33516,47329","secondary","04B",NA,NA,"T1","LHS",13154,NA,NA,NA,NA,NA,"",NA,"12491,38455,45040","Traced",573,"acetylcholine",3657,"acetylcholine",1310545453,TRUE
"14728",2026,566,3993,2026,6019,"intrinsic neuron","20A? in T1 LHS","None",NA,13154,"IN04B013_T1_L",NA,0.787190675735474,0.0413839928805828,0.159970998764038,0.0114543437957764,"LegNpT1_L","11814,33516,47409","user",0.787190675735474,"BR","",NA,"Roughly traced","BR",NA,"IN04B013","LegNpT1_L",NA,"IN04B013","VFB_jrcv0bd4","11855,33516,47329","secondary","04B",NA,NA,"T1","LHS",13154,NA,NA,NA,NA,NA,"",NA,"11531,37088,45088","Traced",566,"acetylcholine",4137,"acetylcholine",1108161747,TRUE
"14774",1388,471,3217,1388,4605,"intrinsic neuron","20A in T1 LHS","None",NA,13506,"IN04B013_T1_L",NA,0.8134486079216,0.0274271573871374,0.150096967816353,0.00902729108929634,"LegNpT1_L","11883,33516,47416","user",0.812066793441772,"BR","",NA,"Roughly traced","BR",NA,"IN04B013","LegNpT1_L",NA,"IN04B013","VFB_jrcv0bee","11855,33516,47329","secondary","04B",NA,NA,"T1","LHS",13154,NA,NA,NA,NA,NA,"",NA,"10617,36885,45735","Traced",471,"acetylcholine",4137,"acetylcholine",1095697527,TRUE
"14954",2327,439,2744,2327,5071,"intrinsic neuron","20A? in T1 LHS","None",NA,14811,"IN04B015_T1_L",NA,0.747011244297028,0.067012295126915,0.175471529364586,0.0105049200356007,"LegNpT1_L","12002,33516,47190","user",0.745688140392303,"IR","",NA,"Roughly traced","IR",NA,"IN04B015","LegNpT1_L",NA,"IN04B015","VFB_jrcv0bje","11855,33516,47329","secondary","04B",NA,NA,"T1","LHS",13910,NA,NA,NA,NA,NA,"",NA,"15791,39630,45869","Traced",439,"acetylcholine",2507,"acetylcholine",1045489075,TRUE
"15002",1737,637,4421,1737,6158,"intrinsic neuron","4B in T1 LHS","None",NA,15002,"IN04B021_T1_L",NA,0.933945417404175,0.0143165672197938,0.0491051711142063,0.00263283355161548,"LegNpT1_L.LegNpT1_R","16928,40392,47257","user",0.933945417404175,"BR","",NA,"Roughly traced","BR",NA,"IN04B021","LegNpT1_L",NA,"IN04B021","VFB_jrcv0bkq","16928,40392,47257","early secondary","04B",NA,NA,"T1","LHS",NA,NA,NA,NA,NA,NA,"",NA,"19326,40430,47071","Traced",637,"acetylcholine",1214,"acetylcholine",1081681535,TRUE
"15005",1181,444,2777,1181,3958,"intrinsic neuron","20A? in T1 LHS","None",NA,13506,"IN04B013_T1_L",NA,0.840522170066833,0.0423995107412338,0.112528949975967,0.00454934220761061,"LegNpT1_L","11848,33516,47389","user",0.840522170066833,"BR","",NA,"Roughly traced","BR",NA,"IN04B013","LegNpT1_L",NA,"IN04B013","VFB_jrcv0bkt","11855,33516,47329","secondary","04B",NA,NA,"T1","LHS",13154,NA,NA,NA,NA,NA,"",NA,"11417,37807,45122","Traced",444,"acetylcholine",4137,"acetylcholine",948929431,TRUE
"152244",1393,320,2155,1393,3548,"intrinsic neuron","4B? in T1 LHS","None",NA,12132,"IN04B086_T1_L",NA,0.910087823867798,0.0405896008014679,0.04657281935215,0.00274973502382636,"LegNpT1_L","16928,40057,47035","user",0.910087823867798,"BR","",NA,"Roughly traced","BR",NA,"IN04B086","LegNpT1_L",NA,"IN04B086","VFB_jrcv39h0","16928,40392,47257","secondary","04B",NA,NA,"T1","LHS",NA,NA,NA,NA,NA,NA,"",NA,"19299,40113,46581","Traced",320,"acetylcholine",642,"acetylcholine",626500830,TRUE
"152655",826,272,1780,826,2606,"intrinsic neuron","20A? in T1 LHS","None",NA,20137,"IN04B101_T1_L",NA,0.746908485889435,0.0743394270539284,0.171337217092514,0.0074148578569293,"LegNpT1_L","12051,33516,47200","user",0.746908485889435,"IR","",NA,"Roughly traced","IR",NA,"IN04B101","LegNpT1_L",NA,"IN04B101","VFB_jrcv39sf","11855,33516,47329","secondary","04B",NA,NA,"T1","LHS",NA,"proprioceptive_tactile",NA,NA,NA,NA,"",NA,"17012,39694,45649","Traced",272,"acetylcholine",2302,"acetylcholine",484843555,TRUE
"15309",1731,741,4634,1731,6365,"intrinsic neuron","4B? in T1 LHS","None",NA,15309,"IN04B085_T1_L",NA,0.852077066898346,0.0439189560711384,0.0940742492675781,0.00992974918335676,"LegNpT1_L","16930,39624,45973","user",0.852077066898346,"BR","",NA,"Roughly traced","BR",NA,"IN04B085","LegNpT1_L",NA,"IN04B085","VFB_jrcv0bt9","16928,40392,47257","early secondary","04B",NA,NA,"T1","LHS",16626,NA,NA,NA,NA,NA,"",NA,"17732,39853,45785","Traced",741,"acetylcholine",2505,"acetylcholine",844144034,TRUE
"153878",919,333,2235,919,3154,"intrinsic neuron","4B? in T1 LHS","None",NA,14886,"IN04B091_T1_L",NA,0.796361446380615,0.0486486479640007,0.146991237998009,0.00799867790192366,"LegNpT1_L","16927,40942,48128","user",0.794846832752228,"IR","",NA,"Roughly traced","IR",NA,"IN04B091","LegNpT1_L",NA,"IN04B091","VFB_jrcv3aqe","16928,40392,47257","secondary","04B",NA,NA,"T1","LHS",14886,NA,NA,NA,NA,NA,"",NA,"19012,40937,48349","Traced",333,"acetylcholine",1902,"acetylcholine",683172618,TRUE
"15393",1320,502,3299,1320,4619,"intrinsic neuron","20A? in T1 LHS","None",NA,15393,"IN04B024_T1_L",NA,0.88715386390686,0.0343833416700363,0.0725548267364502,0.00590794067829847,"LegNpT1_L.LegNpT1_R","11897,33516,47313","user",0.88715386390686,"BI","",NA,"Roughly traced","BI",NA,"IN04B024","LegNpT1_L",NA,"IN04B024","VFB_jrcv0bvl","11855,33516,47329","secondary","04B",NA,NA,"T1","LHS",14755,NA,NA,NA,NA,NA,"",NA,"12016,38053,44733","Traced",502,"acetylcholine",2425,"acetylcholine",985642844,TRUE
"15401",1313,704,4890,1313,6203,"intrinsic neuron","20A in T1 LHS","None",NA,14755,"IN04B010_T1_L",NA,0.925575792789459,0.0188336279243231,0.0524054057896137,0.00318516883999109,"LegNpT1_L.LegNpT1_R","11845,33516,47283","user",0.925575792789459,"BI","",NA,"Roughly traced","BI",NA,"IN04B010","LegNpT1_L",NA,"IN04B010","VFB_jrcv0bvt","11855,33516,47329","secondary","04B",NA,NA,"T1","LHS",14755,NA,NA,NA,NA,NA,"",NA,"10611,36900,45165","Traced",704,"acetylcholine",4815,"acetylcholine",1153038061,TRUE
"155236",2239,527,3419,2239,5658,"intrinsic neuron","4B? in T1 LHS",NA,NA,16179,"IN04B019_T1_L",NA,0.889734387397766,0.0304273664951324,0.0749433115124702,0.00489493925124407,"LegNpT1_L","19468,40939,47876","soma",0.889734387397766,"BR","",NA,"Roughly traced","BR",NA,"IN04B019","LegNpT1_L",NA,"IN04B019","VFB_jrcv3bs4","","early secondary","04B",NA,NA,"T1","LHS",NA,NA,NA,NA,NA,NA,"",NA,"19468,40939,47876","Traced",527,"acetylcholine",1099,"acetylcholine",1053661738,TRUE
"15811",1796,535,3769,1796,5565,"intrinsic neuron",NA,NA,NA,15811,"IN04B034_T1_L",NA,0.922307550907135,0.0151798529550433,0.0584061406552792,0.00410647457465529,"LegNpT1_L","20668,41227,46060","soma",0.920586824417114,"IR","",NA,"Roughly traced","IR",NA,"IN04B034","LegNpT1_L",NA,"IN04B034","VFB_jrcv0c77","","early secondary","04B",NA,NA,"T1","LHS",NA,NA,NA,NA,NA,NA,"",NA,"20668,41227,46060","Traced",535,"acetylcholine",2365,"acetylcholine",834764855,TRUE
"158391",1465,381,2663,1465,4128,"intrinsic neuron","4B in T1 LHS","None",NA,158391,"IN04B100_T1_L",NA,0.696596145629883,0.0534741431474686,0.24113292992115,0.00879677385091782,"LegNpT1_L","16929,39856,46609","user",0.707600116729736,"IR","",NA,"Roughly traced","IR",NA,"IN04B100","LegNpT1_L",NA,"IN04B100","VFB_jrcv3e7r","16928,40392,47257","secondary","04B",19994,"independent leg","T1","LHS",19994,NA,NA,NA,NA,NA,"",NA,"19988,40143,46903","Traced",381,"acetylcholine",8209,"acetylcholine",622221914,TRUE
"15969",1705,605,4331,1705,6036,"intrinsic neuron","4B in T1 LHS","None",NA,15969,"IN04B028_T1_L",NA,0.962432026863098,0.00587907340377569,0.0269341561943293,0.0047547584399581,"multi","16928,40109,47049","user",0.962432026863098,"BI","",NA,"Roughly traced","BI",NA,"IN04B028","multi",NA,"IN04B028","VFB_jrcv0cbl","16928,40392,47257","early secondary","04B",NA,NA,"T1","LHS",NA,NA,NA,NA,NA,NA,"",NA,"17807,40026,46423","Traced",605,"acetylcholine",2332,"acetylcholine",1010111858,TRUE
"16224",1636,435,2468,1636,4104,"intrinsic neuron","20A? in T1 LHS",NA,NA,16224,"IN04B092_T1_L",NA,0.590299963951111,0.121568031609058,0.280504465103149,0.00762754259631038,"LegNpT1_L","18304,41117,53889","soma",0.589172720909119,"IR","",NA,"Roughly traced","IR",NA,"IN04B092","LegNpT1_L",NA,"IN04B092","VFB_jrcv0cio","","secondary","04B",16224,"independent leg","T1","LHS",NA,NA,NA,NA,NA,NA,"",NA,"18304,41117,53889","Traced",435,"acetylcholine",2116,"acetylcholine",872836493,TRUE
"162540",2521,820,5741,2521,8262,"intrinsic neuron","4B? in T1 LHS",NA,"CvC",15750,"IN04B020_T1_L",NA,0.938557147979736,0.0141964172944427,0.0416613332927227,0.00558512285351753,"LegNpT1_L","21072,41210,47960","soma",0.937413930892944,"BR","",NA,"Roughly traced","BR",NA,"IN04B020","LegNpT1_L",NA,"IN04B020","VFB_jrcv3hf0","","early secondary","04B",NA,NA,"T1","LHS",NA,NA,NA,NA,NA,NA,"",NA,"21072,41210,47960","Traced",820,"acetylcholine",1636,"acetylcholine",1142638271,TRUE
"16293",1426,693,4709,1426,6135,"intrinsic neuron","20A in T1 LHS","None",NA,16293,"IN04B024_T1_L",NA,0.889768481254578,0.0237539745867252,0.0821734592318535,0.00430410215631127,"LegNpT1_L","11855,33516,47329","user",0.889768481254578,"BI","",NA,"Roughly traced","BI",NA,"IN04B024","LegNpT1_L",NA,"IN04B024","VFB_jrcv0ckl","11855,33516,47329","secondary","04B",NA,NA,"T1","LHS",14755,NA,NA,NA,NA,NA,"",NA,"12610,38393,44265","Traced",693,"acetylcholine",2425,"acetylcholine",1050725049,TRUE
"164102",949,387,2579,949,3528,"intrinsic neuron","4B in T1 LHS","None",NA,18755,"IN04B067_T1_L",NA,0.808591246604919,0.0561090968549252,0.129851579666138,0.00544805731624365,"LegNpT1_L","16927,40917,48076","user",0.806878566741943,"BR","",NA,"Roughly traced","BR",NA,"IN04B067","LegNpT1_L",NA,"IN04B067","VFB_jrcv3ime","16928,40392,47257","secondary","04B",NA,NA,"T1","LHS",NA,NA,NA,NA,NA,NA,"",NA,"20241,41296,50212","Traced",387,"acetylcholine",2087,"acetylcholine",709447450,TRUE
"164146",395,177,1352,395,1747,"intrinsic neuron",NA,NA,NA,26949,"IN04B111_T1_L",NA,0.294033139944077,0.0960651338100433,0.59233832359314,0.0175633914768696,"LegNpT1_L","18144,40033,45856","soma",0.59233832359314,"IR","",NA,"Roughly traced","IR",NA,"IN04B111","LegNpT1_L",NA,"IN04B111","VFB_jrcv3inm","","secondary","04B",NA,NA,"T1","LHS",19994,NA,NA,NA,NA,NA,"",NA,"18144,40033,45856","Traced",177,"glutamate",1084,"acetylcholine",291916427,TRUE
"16487",1449,442,3316,1449,4765,"intrinsic neuron","4B in T1 LHS","None",NA,10024,"IN04B041_T1_L",NA,0.949316620826721,0.00837271753698587,0.0395984761416912,0.00271216896362603,"LegNpT1_L","16928,40167,47107","user",0.949316620826721,"BR","",NA,"Roughly traced","BR",NA,"IN04B041","LegNpT1_L",NA,"IN04B041","VFB_jrcv0cpz","16928,40392,47257","secondary","04B",NA,NA,"T1","LHS",NA,NA,NA,NA,NA,NA,"",NA,"20027,40773,47153","Traced",442,"acetylcholine",1841,"acetylcholine",860477022,TRUE
"16527",1564,712,4590,1564,6154,"intrinsic neuron","4B? in T1 LHS","None",NA,16527,"IN04B039_T1_L",NA,0.893061816692352,0.0214169975370169,0.0770596191287041,0.00846159271895885,"LegNpT1_L","16929,39852,46989","user",0.893061816692352,"BR","",NA,"Roughly traced","BR",NA,"IN04B039","LegNpT1_L",NA,"IN04B039","VFB_jrcv0cr3","16928,40392,47257","secondary","04B",NA,NA,"T1","LHS",NA,NA,NA,NA,NA,NA,"",NA,"21010,41325,46401","Traced",712,"acetylcholine",1365,"acetylcholine",856434074,TRUE
"165318",822,283,2089,822,2911,"intrinsic neuron",NA,NA,NA,17935,"IN04B094_T1_L",NA,0.730233311653137,0.0494647137820721,0.215639144182205,0.00466284714639187,"LegNpT1_L","19543,41140,49277","soma",0.744981527328491,"IR","",NA,"Roughly traced","IR",NA,"IN04B094","LegNpT1_L",NA,"IN04B094","VFB_jrcv3jk6","","secondary","04B",NA,NA,"T1","LHS",17935,NA,NA,NA,NA,NA,"",NA,"19543,41140,49277","Traced",283,"acetylcholine",1546,"acetylcholine",493689858,TRUE
"166421",821,255,1626,821,2447,"intrinsic neuron","4B? in T1 LHS","None",NA,14944,"IN04B101_T1_L",NA,0.802500247955322,0.0582245104014874,0.134984195232391,0.00429105293005705,"LegNpT1_L","12106,33516,47293","user",0.802500247955322,"IR","",NA,"Roughly traced","IR",NA,"IN04B101","LegNpT1_L",NA,"IN04B101","VFB_jrcv3ket","11855,33516,47329","secondary","04B",NA,NA,"T1","LHS",NA,"proprioceptive_tactile",NA,NA,NA,NA,"",NA,"19532,40566,47596","Traced",255,"acetylcholine",2302,"acetylcholine",472122386,TRUE
"16757",2633,601,4269,2633,6902,"intrinsic neuron","4B? in T1 LHS","None",NA,16757,"IN04B034_T1_L",NA,0.901911675930023,0.016390360891819,0.0718467980623245,0.00985113810747862,"LegNpT1_L","16929,39888,46907","user",0.901911675930023,"IR","",NA,"Roughly traced","IR",NA,"IN04B034","LegNpT1_L",NA,"IN04B034","VFB_jrcv0cxh","16928,40392,47257","early secondary","04B",NA,NA,"T1","LHS",NA,NA,NA,NA,NA,NA,"",NA,"20354,40382,46567","Traced",601,"acetylcholine",2365,"acetylcholine",1002943942,TRUE
"17351",1777,566,4039,1777,5816,"intrinsic neuron","4B in T1 LHS","None",NA,17068,"IN04B047_T1_L",NA,0.941685438156128,0.00970042776316404,0.0449890904128551,0.00362502364441752,"LegNpT1_L","16929,39896,46976","user",0.941685438156128,"BR","",NA,"Roughly traced","BR",NA,"IN04B047","LegNpT1_L",NA,"IN04B047","VFB_jrcv0ddz","16928,40392,47257","early secondary","04B",NA,NA,"T1","LHS",NA,NA,NA,NA,NA,NA,"",NA,"20525,40746,46206","Traced",566,"acetylcholine",1143,"acetylcholine",764730116,TRUE
"17395",2771,1541,11398,2771,14169,"ascending neuron","pred ChAT; 4B in T1 LHS","None","CvC",11885,"AN04B004_T1_L","DLV",0.944272994995117,0.0142969712615013,0.0363294035196304,0.00510062510147691,"LegNpT1_L","16927,40857,48076","user",0.944272994995117,"IA","","LHS","Roughly traced","IA",NA,"AN04B004","LegNpT1_L.LegNpT3_L",NA,"AN04B004","VFB_jrcv0df7","16928,40392,47257","primary","04B",11350,"complex","T1","LHS",NA,NA,NA,NA,NA,NA,"",NA,"19055,40770,54965","Traced",1541,"acetylcholine",3155,"acetylcholine",2352052540,TRUE
"17409",1443,402,2749,1443,4192,"intrinsic neuron","4B in T1 LHS","None","None",17409,"IN04B050_T1_L",NA,0.928071975708008,0.0211274810135365,0.0431923903524876,0.00760814687237144,"LegNpT1_L","16928,40447,47270","user",0.928071975708008,"BR","",NA,"Roughly traced","BR",NA,"IN04B050","LegNpT1_L",NA,"IN04B050","VFB_jrcv0dfl","16928,40392,47257","secondary","04B",NA,NA,"T1","LHS",NA,NA,NA,NA,NA,NA,"",NA,"19416,41126,48729","Traced",402,"acetylcholine",1600,"acetylcholine",786688596,TRUE
"17490",1015,49,272,1015,1287,"ascending neuron","pred ChAT","None","CvC",17490,"AN04B051_T1_L","none",0.906748533248901,0.0157907884567976,0.0732891708612442,0.00417150277644396,"LegNpT1_L.LegNpT2_L","22239,36114,67070","user",0.906748533248901,"BA","","LHS","Roughly traced","BA",NA,"AN04B051","brain",NA,"AN04B051","VFB_jrcv0dhu","","early secondary","04B",NA,NA,"T1","LHS",NA,NA,NA,NA,NA,NA,"",NA,"20547,40572,47368","Traced",49,"acetylcholine",101,"acetylcholine",756397381,TRUE
"17534",1448,433,3095,1448,4543,"intrinsic neuron","4B? in T1 LHS","None",NA,17534,"IN04B073_T1_L",NA,0.761995255947113,0.0397080406546593,0.19199438393116,0.00630231155082583,"LegNpT1_L","16929,39804,46536","user",0.761995255947113,"BR","",NA,"Roughly traced","BR",NA,"IN04B073","LegNpT1_L",NA,"IN04B073","VFB_jrcv0dj2","16928,40392,47257","secondary","04B",NA,NA,"T1","LHS",NA,NA,NA,NA,NA,NA,"",NA,"19913,41013,46243","Traced",433,"acetylcholine",1453,"acetylcholine",771730844,TRUE
"17567",1071,348,1969,1071,3040,"intrinsic neuron","20A? in T1 LHS","None",NA,14297,"IN04B059_T1_L",NA,0.618737518787384,0.0960503965616226,0.275347650051117,0.00986442156136036,"LegNpT1_L","11735,33516,47378","user",0.618737518787384,"IR","",NA,"Roughly traced","IR",NA,"IN04B059","LegNpT1_L",NA,"IN04B059","VFB_jrcv0djz","11855,33516,47329","secondary","04B",NA,NA,"T1","LHS",NA,NA,NA,NA,NA,NA,"",NA,"18938,41100,53386","Traced",348,"acetylcholine",1738,"acetylcholine",738761390,TRUE
"17572",1929,549,3875,1929,5804,"intrinsic neuron","4B in T1 LHS","None",NA,17572,"IN04B038_T1_L",NA,0.873946607112885,0.0204685851931572,0.0938371419906616,0.0117476545274258,"LegNpT1_L","16929,39855,46711","user",0.873946607112885,"IR","",NA,"Roughly traced","IR",NA,"IN04B038","LegNpT1_L",NA,"IN04B038","VFB_jrcv0dk4","16928,40392,47257","early secondary","04B",NA,NA,"T1","LHS",NA,NA,NA,NA,NA,NA,"",NA,"21249,41599,45835","Traced",549,"acetylcholine",1586,"acetylcholine",901005684,TRUE
"17678",2735,451,2559,2735,5294,"intrinsic neuron",NA,NA,NA,17678,"IN04B031_T1_L",NA,0.622133851051331,0.143288224935532,0.230209842324257,0.00436808820813894,"LegNpT1_L","18786,41077,49400","soma",0.622133851051331,"IR","",NA,"Roughly traced","IR",NA,"IN04B031","LegNpT1_L",NA,"IN04B031","VFB_jrcv0dn2","","early secondary","04B",NA,NA,"T1","LHS",NA,NA,NA,NA,NA,NA,"",NA,"18786,41077,49400","Traced",451,"acetylcholine",3768,"acetylcholine",889536549,TRUE
"17935",1317,345,2565,1317,3882,"intrinsic neuron",NA,NA,NA,17935,"IN04B094_T1_L",NA,0.817069232463837,0.0568996742367744,0.119855999946594,0.00617507332935929,"LegNpT1_L","19630,41322,50649","soma",0.817069232463837,"IR","",NA,"Roughly traced","IR",NA,"IN04B094","LegNpT1_L",NA,"IN04B094","VFB_jrcv0du7","","secondary","04B",NA,NA,"T1","LHS",17935,NA,NA,NA,NA,NA,"",NA,"19630,41322,50649","Traced",345,"acetylcholine",1546,"acetylcholine",679654872,TRUE
"18148",1220,396,2470,1220,3690,"intrinsic neuron","20A in T1 LHS","None",NA,18298,"IN04B079_T1_L",NA,0.926366567611694,0.0295417550951242,0.0404497981071472,0.00364190898835659,"LegNpT1_L","12027,33516,47339","user",0.924038708209991,"BR","",NA,"Roughly traced","BR",NA,"IN04B079","LegNpT1_L",NA,"IN04B079","VFB_jrcv0e04","11855,33516,47329","secondary","04B",NA,NA,"T1","LHS",NA,NA,NA,NA,NA,NA,"",NA,"14260,39288,45653","Traced",396,"acetylcholine",2087,"acetylcholine",698994311,TRUE
"18156",952,335,1960,952,2912,"intrinsic neuron","20A? in T1 LHS","None",NA,14297,"IN04B059_T1_L",NA,0.714155793190002,0.0686133801937103,0.206496402621269,0.0107344118878245,"LegNpT1_L","12025,33516,47292","user",0.714155793190002,"IR","",NA,"Roughly traced","IR",NA,"IN04B059","LegNpT1_L",NA,"IN04B059","VFB_jrcv0e0c","11855,33516,47329","secondary","04B",NA,NA,"T1","LHS",NA,NA,NA,NA,NA,NA,"",NA,"19447,40524,46102","Traced",335,"acetylcholine",1738,"acetylcholine",694945664,TRUE
"18253",889,348,2020,889,2909,"intrinsic neuron","20A? in T1 LHS","None",NA,18253,"IN04B070_T1_L",NA,0.795405864715576,0.0423946715891361,0.1583371758461,0.00386230461299419,"LegNpT1_L","12174,33516,47371","user",0.795405864715576,"IR","",NA,"Roughly traced","IR",NA,"IN04B070","LegNpT1_L",NA,"IN04B070","VFB_jrcv0e31","11855,33516,47329","secondary","04B",NA,NA,"T1","LHS",NA,NA,NA,NA,NA,NA,"",NA,"19075,40659,46591","Traced",348,"acetylcholine",1046,"acetylcholine",693139201,TRUE
"18571",1373,395,2783,1373,4156,"intrinsic neuron","4B? in T1 LHS","None",NA,18571,"IN04B050_T1_L",NA,0.908686876296997,0.0296919289976358,0.0555464662611485,0.00607473077252507,"LegNpT1_L","16928,40416,47305","user",0.882213234901428,"BR","",NA,"Roughly traced","BR",NA,"IN04B050","LegNpT1_L",NA,"IN04B050","VFB_jrcv0ebv","16928,40392,47257","secondary","04B",NA,NA,"T1","LHS",NA,NA,NA,NA,NA,NA,"",NA,"19840,40432,47364","Traced",395,"acetylcholine",1600,"acetylcholine",801373062,TRUE
"18605",1856,362,2154,1856,4010,"intrinsic neuron","4B? in T1 LHS","None",NA,18605,"IN04B031_T1_L",NA,0.804743349552155,0.0721261575818062,0.119864664971828,0.0032658320851624,"LegNpT1_L","18791,36255,57782","user",0.788183450698853,"IR","",NA,"Roughly traced","IR",NA,"IN04B031","LegNpT1_L",NA,"IN04B031","VFB_jrcv0ect","18951,36576,57782","secondary","04B",15525,"independent leg","T1","LHS",NA,NA,NA,NA,NA,NA,"",NA,"19120,41352,51776","Traced",362,"acetylcholine",3768,"acetylcholine",816619670,TRUE
"18629",974,346,2165,974,3139,"intrinsic neuron","20A? in T1 LHS","None",NA,18253,"IN04B070_T1_L",NA,0.822917640209198,0.0347152501344681,0.139170110225677,0.00319697661325336,"LegNpT1_L","11697,33516,47404","user",0.822917640209198,"IR","",NA,"Roughly traced","IR",NA,"IN04B070","LegNpT1_L",NA,"IN04B070","VFB_jrcv0edh","11855,33516,47329","secondary","04B",NA,NA,"T1","LHS",NA,NA,NA,NA,NA,NA,"",NA,"17261,39927,46089","Traced",346,"acetylcholine",1046,"acetylcholine",643205254,TRUE
"18641",919,606,3756,919,4675,"intrinsic neuron",NA,NA,NA,18641,"IN04B069_T1_L",NA,0.914245367050171,0.0329257771372795,0.045491099357605,0.00733775086700916,"LegNpT1_L","18822,40983,54016","soma",0.914245367050171,"IR","",NA,"Roughly traced","IR",NA,"IN04B069","LegNpT1_L",NA,"IN04B069","VFB_jrcv0edt","","secondary","04B",NA,NA,"T1","LHS",16626,NA,NA,NA,NA,NA,"",NA,"18822,40983,54016","Traced",606,"acetylcholine",1224,"acetylcholine",683238372,TRUE
"18724",1737,430,3023,1737,4760,"intrinsic neuron","20A? in T1 LHS","None",NA,18724,"IN04B093_T1_L",NA,0.550943374633789,0.0658472999930382,0.363984942436218,0.0192243773490191,"LegNpT1_L","11932,33516,47243","user",0.550943374633789,"IR","",NA,"Roughly traced","IR",NA,"IN04B093","LegNpT1_L",NA,"IN04B093","VFB_jrcv0eg4","11855,33516,47329","secondary","04B",NA,NA,"T1","LHS",18724,NA,NA,NA,NA,NA,"",NA,"12916,38543,44816","Traced",430,"acetylcholine",1716,"glutamate",601435124,TRUE
"18755",1358,476,3281,1358,4639,"intrinsic neuron",NA,NA,NA,18755,"IN04B067_T1_L",NA,0.863751888275146,0.0298938415944576,0.0978082194924355,0.00854606833308935,"LegNpT1_L","19728,41279,51223","soma",0.839366018772125,"BR","",NA,"Roughly traced","BR",NA,"IN04B067","LegNpT1_L",NA,"IN04B067","VFB_jrcv0egz","","secondary","04B",NA,NA,"T1","LHS",NA,NA,NA,NA,NA,NA,"",NA,"19728,41279,51223","Traced",476,"acetylcholine",2087,"acetylcholine",701583160,TRUE
"18785",1786,428,2941,1786,4727,"intrinsic neuron","4B in T1 LHS","None",NA,17572,"IN04B038_T1_L",NA,0.896180927753448,0.0186264105141163,0.0748506486415863,0.0103419870138168,"LegNpT1_L","16928,40443,47365","user",0.896180927753448,"IR","",NA,"Roughly traced","IR",NA,"IN04B038","LegNpT1_L",NA,"IN04B038","VFB_jrcv0eht","16928,40392,47257","early secondary","04B",NA,NA,"T1","LHS",NA,NA,NA,NA,NA,NA,"",NA,"20165,41306,49729","Traced",428,"acetylcholine",1586,"acetylcholine",758239172,TRUE
"18831",2481,539,3249,2481,5730,"intrinsic neuron","4B? in T1 LHS","None",NA,18712,"IN04B037_T1_L",NA,0.746956825256348,0.0756504312157631,0.170845404267311,0.00654735835269094,"LegNpT1_L","16928,40469,47337","user",0.746956825256348,"IR","",NA,"Roughly traced","IR",NA,"IN04B037","LegNpT1_L",NA,"IN04B037","VFB_jrcv0ej3","16928,40392,47257","early secondary","04B",16800,"independent leg","T1","LHS",NA,NA,NA,NA,NA,NA,"",NA,"18978,40742,47703","Traced",539,"acetylcholine",2295,"acetylcholine",967332662,TRUE
"18990",1089,353,2318,1089,3407,"intrinsic neuron","20A? in T1 LHS","None",NA,18990,"IN04B102_T1_L",NA,0.270317584276199,0.144551157951355,0.559308290481567,0.0258229691535234,"LegNpT1_L","11777,33516,47410","user",0.558434367179871,"IR","",NA,"Roughly traced","IR",NA,"IN04B102","LegNpT1_L",NA,"IN04B102","VFB_jrcv0eni","11855,33516,47329","secondary","04B",NA,NA,"T1","LHS",18724,NA,NA,NA,NA,NA,"",NA,"10001,36763,46320","Traced",353,"glutamate",3492,"glutamate",393025113,TRUE
"19250",998,289,1751,998,2749,"intrinsic neuron","20A in T1 LHS","None",NA,18298,"IN04B079_T1_L",NA,0.877669155597687,0.0351983681321144,0.0769173726439476,0.0102151036262512,"LegNpT1_L","11913,33516,47408","user",0.874959766864777,"BR","",NA,"Roughly traced","BR",NA,"IN04B079","LegNpT1_L",NA,"IN04B079","VFB_jrcv0euq","11855,33516,47329","secondary","04B",NA,NA,"T1","LHS",NA,NA,NA,NA,NA,NA,"",NA,"12762,38844,45248","Traced",289,"acetylcholine",2087,"acetylcholine",611950843,TRUE
"19366",1082,293,1773,1082,2855,"intrinsic neuron","20A in T1 LHS","None",NA,18298,"IN04B079_T1_L",NA,0.891744315624237,0.0317476391792297,0.0714513808488846,0.00505667319521308,"LegNpT1_L","11946,33516,47400","user",0.891744315624237,"BR","",NA,"Roughly traced","BR",NA,"IN04B079","LegNpT1_L",NA,"IN04B079","VFB_jrcv0exy","11855,33516,47329","secondary","04B",NA,NA,"T1","LHS",NA,NA,NA,NA,NA,NA,"",NA,"13389,38223,45128","Traced",293,"acetylcholine",2087,"acetylcholine",599033028,TRUE
"19833",1179,268,1553,1179,2732,"intrinsic neuron","20A in T1 LHS","None",NA,19833,"IN04B081_T1_L",NA,0.74508410692215,0.0739511623978615,0.173237383365631,0.00772735057398677,"LegNpT1_L","11940,33516,47201","user",0.74508410692215,"IR","",NA,"Roughly traced","IR",NA,"IN04B081","LegNpT1_L",NA,"IN04B081","VFB_jrcv0fax","11855,33516,47329","secondary","04B",NA,NA,"T1","LHS",NA,NA,NA,NA,NA,NA,"",NA,"19350,40833,47288","Traced",268,"acetylcholine",5423,"acetylcholine",552617891,TRUE
"19912",790,164,875,790,1665,"ascending neuron","1B? pred ChAT","None","CvC",19114,"AN04B023_T1_L","none",0.914460599422455,0.0205657761543989,0.0551383830606937,0.00983523018658161,"LegNpT1_L","19902,36266,67070","user",0.909651100635529,"IA","","LHS","Roughly traced","IA",NA,"AN04B023","LegNpT1_L",NA,"AN04B023","VFB_jrcv0fd4","","early secondary","04B",14013,"ascending","T1","LHS",NA,NA,NA,NA,NA,NA,"",NA,"21109,40488,46048","Traced",164,"acetylcholine",1629,"acetylcholine",850979544,TRUE
"19985",1683,400,2580,1683,4263,"intrinsic neuron","20A? in T1 LHS","None",NA,19985,"IN04B093_T1_L",NA,0.489113122224808,0.0876860767602921,0.413355201482773,0.00984559860080481,"LegNpT1_L","11758,33516,47344","user",0.489113122224808,"IR","",NA,"Roughly traced","IR",NA,"IN04B093","LegNpT1_L",NA,"IN04B093","VFB_jrcv0ff5","11855,33516,47329","secondary","04B",NA,NA,"T1","LHS",18724,NA,NA,NA,NA,NA,"",NA,"9302,35916,47197","Traced",400,"acetylcholine",1716,"glutamate",566741705,TRUE
"20077",1239,384,2876,1239,4115,"intrinsic neuron",NA,NA,NA,19475,"IN04B066_T1_L",NA,0.93569540977478,0.0131694627925754,0.0496208332479,0.0015142725314945,"LegNpT1_L","19387,41037,53757","soma",0.93569540977478,"IR","",NA,"Roughly traced","IR",NA,"IN04B066","LegNpT1_L",NA,"IN04B066","VFB_jrcv0fhp","","early secondary","04B",NA,NA,"T1","LHS",NA,NA,NA,NA,NA,NA,"",NA,"19387,41037,53757","Traced",384,"acetylcholine",1878,"acetylcholine",726993304,TRUE
"20585",2367,476,3496,2367,5863,"intrinsic neuron","20A? in T1 LHS","None",NA,20585,"IN04B095_T1_L",NA,0.915710389614105,0.0183043517172337,0.0619555488228798,0.00402970751747489,"LegNpT1_L","12177,33516,47592","user",0.915710389614105,"IR","",NA,"Roughly traced","IR",NA,"IN04B095","LegNpT1_L",NA,"IN04B095","VFB_jrcv0fvt","11855,33516,47329","secondary","04B",20585,"independent leg","T1","LHS",NA,NA,NA,NA,NA,NA,"",NA,"13215,38633,45097","Traced",476,"acetylcholine",1646,"acetylcholine",639600741,TRUE
"20836",925,610,4778,925,5703,"intrinsic neuron","4B in T1 LHS","None",NA,20836,"IN04B078_T1_L",NA,0.978503823280334,0.00486234156414866,0.0106918727979064,0.00594196794554591,"LegNpT1_L","16927,40897,48045","user",0.978503823280334,"IR","",NA,"Roughly traced","IR",NA,"IN04B078","LegNpT1_L",NA,"IN04B078","VFB_jrcv0g2s","16928,40392,47257","secondary","04B",18857,"independent leg","T1","LHS",NA,NA,NA,NA,NA,NA,"",NA,"19679,41343,53119","Traced",610,"acetylcholine",8163,"acetylcholine",680036732,TRUE
"20932",1134,313,2235,1134,3369,"intrinsic neuron","4B in T1 LHS","None",NA,14098,"IN04B100_T1_L",NA,0.609411656856537,0.122688978910446,0.244185566902161,0.02371378056705,"LegNpT1_L","16929,39854,46528","user",0.609411656856537,"IR","",NA,"Roughly traced","IR",NA,"IN04B100","LegNpT1_L",NA,"IN04B100","VFB_jrcv0g5g","16928,40392,47257","secondary","04B",14098,"independent leg","T1","LHS",NA,NA,NA,NA,NA,NA,"",NA,"19696,40473,46603","Traced",313,"acetylcholine",8209,"acetylcholine",615419125,TRUE
"21189",1100,292,1766,1100,2866,"intrinsic neuron","20A in T1 LHS","None",NA,21134,"IN04B081_T1_L",NA,0.781090140342712,0.0630757361650467,0.148531332612038,0.00730276387184858,"LegNpT1_L","12214,33516,47591","user",0.781090140342712,"IR","",NA,"Roughly traced","IR",NA,"IN04B081","LegNpT1_L",NA,"IN04B081","VFB_jrcv0gcl","11855,33516,47329","secondary","04B",NA,NA,"T1","LHS",17584,NA,NA,NA,NA,NA,"",NA,"19621,40914,46860","Traced",292,"acetylcholine",5423,"acetylcholine",560708159,TRUE
"21322",1403,333,1985,1403,3388,"intrinsic neuron","20A in T1 LHS","None",NA,21134,"IN04B081_T1_L",NA,0.761677622795105,0.0673810616135597,0.154549270868301,0.0163920782506466,"LegNpT1_L","12330,33516,47455","user",0.761677622795105,"IR","",NA,"Roughly traced","IR",NA,"IN04B081","LegNpT1_L",NA,"IN04B081","VFB_jrcv0gga","11855,33516,47329","secondary","04B",NA,NA,"T1","LHS",17584,NA,NA,NA,NA,NA,"",NA,"20012,40608,46005","Traced",333,"acetylcholine",5423,"acetylcholine",624732355,TRUE
"21499",1426,355,2370,1426,3796,"intrinsic neuron",NA,NA,NA,21499,"IN04B072_T1_L",NA,0.819791734218597,0.0348332449793816,0.135296314954758,0.0100787188857794,"LegNpT1_L","18885,41371,52638","soma",0.819791734218597,"IR","",NA,"Roughly traced","IR",NA,"IN04B072","LegNpT1_L",NA,"IN04B072","VFB_jrcv0gl7","","secondary","04B",NA,NA,"T1","LHS",17935,NA,NA,NA,NA,NA,"",NA,"18885,41371,52638","Traced",355,"acetylcholine",676,"acetylcholine",666626248,TRUE
"21567",1078,301,2312,1078,3390,"intrinsic neuron","4B? in T1 LHS","None",NA,19475,"IN04B066_T1_L",NA,0.945436835289001,0.00970556493848562,0.0400544479489326,0.00480313925072551,"LegNpT1_L","16929,39875,46821","user",0.94654244184494,"IR","",NA,"Roughly traced","IR",NA,"IN04B066","LegNpT1_L",NA,"IN04B066","VFB_jrcv0gn3","16928,40392,47257","early secondary","04B",NA,NA,"T1","LHS",NA,NA,NA,NA,NA,NA,"",NA,"20458,41189,47029","Traced",301,"acetylcholine",1878,"acetylcholine",587441699,TRUE
"21808",1455,311,1976,1455,3431,"intrinsic neuron",NA,NA,NA,21808,"IN04B104_T1_L",NA,0.732749998569489,0.0533584542572498,0.204021751880646,0.00986977573484182,"LegNpT1_L","18648,40951,48098","soma",0.732749998569489,"IR","",NA,"Roughly traced","IR",NA,"IN04B104","LegNpT1_L",NA,"IN04B104","VFB_jrcv0gts","","secondary","04B",21808,"independent leg","T1","LHS",NA,NA,NA,NA,NA,NA,"",NA,"18648,40951,48098","Traced",311,"acetylcholine",1820,"acetylcholine",609976457,TRUE
"21862",589,282,1842,589,2431,"intrinsic neuron","20A? in T1 LHS","None",NA,20137,"IN04B101_T1_L",NA,0.505757331848145,0.148271888494492,0.328106790781021,0.0178640000522137,"LegNpT1_L","12174,33516,47307","user",0.505757331848145,"IR","",NA,"Roughly traced","IR",NA,"IN04B101","LegNpT1_L",NA,"IN04B101","VFB_jrcv0gva","11855,33516,47329","secondary","04B",NA,NA,"T1","LHS",NA,"proprioceptive_tactile",NA,NA,NA,NA,"",NA,"18118,40709,47622","Traced",282,"acetylcholine",2302,"acetylcholine",512396087,TRUE
"21956",886,259,1729,886,2615,"intrinsic neuron","4B? in T1 LHS; 1st pass ECM; may require cleave","None","CvC",21956,"IN04B101_T1_L",NA,0.81268322467804,0.0391423441469669,0.139359503984451,0.00881495699286461,"LegNpT1_L","16930,39688,46284","user",0.81268322467804,"BR","",NA,"Roughly traced","BR",NA,"IN04B101","LegNpT1_L",NA,"IN04B101","VFB_jrcv0gxw","16928,40392,47257","early secondary","04B",NA,NA,"T1","LHS",NA,"proprioceptive_tactile",NA,NA,NA,NA,"",NA,"20347,41203,46464","Traced",259,"acetylcholine",2302,"acetylcholine",407683189,TRUE
"22163",830,304,2073,830,2903,"intrinsic neuron",NA,NA,NA,14886,"IN04B091_T1_L",NA,0.756467163562775,0.0974271073937416,0.13769456744194,0.0084111662581563,"LegNpT1_L","18554,40941,54588","soma",0.756467163562775,"IR","",NA,"Roughly traced","IR",NA,"IN04B091","LegNpT1_L",NA,"IN04B091","VFB_jrcv0h3n","","secondary","04B",NA,NA,"T1","LHS",14886,NA,NA,NA,NA,NA,"",NA,"18554,40941,54588","Traced",304,"acetylcholine",1902,"acetylcholine",563107677,TRUE
"22868",1032,264,1625,1032,2657,"intrinsic neuron","20A? in T1 LHS","None",NA,22868,"IN04B098_T1_L",NA,0.777640521526337,0.0496382601559162,0.162660762667656,0.01006044074893,"LegNpT1_L","12034,33516,47249","user",0.777640521526337,"IR","",NA,"Roughly traced","IR",NA,"IN04B098","LegNpT1_L",NA,"IN04B098","VFB_jrcv0hn8","11855,33516,47329","secondary","04B",NA,NA,"T1","LHS",NA,NA,NA,NA,NA,NA,"",NA,"18701,40637,47201","Traced",264,"acetylcholine",1370,"acetylcholine",535208790,TRUE
"22997",1304,396,2537,1304,3841,"intrinsic neuron",NA,NA,NA,22997,"IN04B102_T1_L",NA,0.493707358837128,0.102815181016922,0.391898572444916,0.0115788755938411,"LegNpT1_L","10739,37409,45702","soma",0.493707358837128,"IR","",NA,"Roughly traced","IR",NA,"IN04B102","LegNpT1_L",NA,"IN04B102","VFB_jrcv0hqt","","secondary","04B",NA,NA,"T1","LHS",18724,NA,NA,NA,NA,NA,"",NA,"10739,37409,45702","Traced",396,"acetylcholine",3492,"glutamate",518117559,TRUE
"23716",949,278,1679,949,2628,"intrinsic neuron","20A in T1 LHS","None",NA,23171,"IN04B098_T1_L",NA,0.742806196212769,0.0648388266563416,0.184000939130783,0.00835402403026819,"LegNpT1_L","12283,33516,47441","user",0.742806196212769,"IR","",NA,"Roughly traced","IR",NA,"IN04B098","LegNpT1_L",NA,"IN04B098","VFB_jrcv0ias","11855,33516,47329","secondary","04B",NA,NA,"T1","LHS",NA,NA,NA,NA,NA,NA,"",NA,"19144,40146,45961","Traced",278,"acetylcholine",1370,"acetylcholine",509111419,TRUE
"23790",1015,337,1985,1015,3000,"intrinsic neuron","20A? in T1 LHS","None",NA,22787,"IN04B097_T1_L",NA,0.697668731212616,0.0662711784243584,0.232030481100082,0.00402960646897554,"LegNpT1_L","11757,33516,47300","user",0.697668731212616,"IR","",NA,"Roughly traced","IR",NA,"IN04B097","LegNpT1_L",NA,"IN04B097","VFB_jrcv0icu","11855,33516,47329","secondary","04B",20556,"independent leg","T1","LHS",NA,NA,NA,NA,NA,NA,"",NA,"18292,41371,52351","Traced",337,"acetylcholine",1403,"acetylcholine",567574458,TRUE
"24181",1291,296,1690,1291,2981,"intrinsic neuron","20A? in T1 LHS","None",NA,21134,"IN04B081_T1_L",NA,0.747153162956238,0.0630705282092094,0.184269517660141,0.00550682470202446,"LegNpT1_L","12207,33516,47629","user",0.747153162956238,"IR","",NA,"Roughly traced","IR",NA,"IN04B081","LegNpT1_L",NA,"IN04B081","VFB_jrcv0inp","11855,33516,47329","secondary","04B",NA,NA,"T1","LHS",17584,NA,NA,NA,NA,NA,"",NA,"18597,40108,45866","Traced",296,"acetylcholine",5423,"acetylcholine",575657560,TRUE
"26388",655,237,1681,655,2336,"intrinsic neuron","20A in T1 LHS","None",NA,25160,"IN04B112_T1_L",NA,0.951729655265808,0.0194957423955202,0.0227850005030632,0.00598959578201175,"LegNpT1_L","11896,33516,47250","user",0.951729655265808,"IR","",NA,"Roughly traced","IR",NA,"IN04B112","LegNpT1_L",NA,"IN04B112","VFB_jrcv0kd0","11855,33516,47329","secondary","04B",18698,"independent leg","T1","LHS",NA,NA,NA,NA,NA,NA,"",NA,"16478,39680,45695","Traced",237,"acetylcholine",1546,"acetylcholine",392576239,TRUE
"26941",535,262,1897,535,2432,"intrinsic neuron","4B in T1 LHS","None",NA,22806,"IN04B111_T1_L",NA,0.529669523239136,0.085966557264328,0.364619791507721,0.0197441447526217,"LegNpT1_L","16930,39788,46474","user",0.529669523239136,"IR","",NA,"Roughly traced","IR",NA,"IN04B111","LegNpT1_L",NA,"IN04B111","VFB_jrcv0ksd","16928,40392,47257","secondary","04B",NA,NA,"T1","LHS",19994,NA,NA,NA,NA,NA,"",NA,"18772,40076,46325","Traced",262,"acetylcholine",1084,"acetylcholine",377865545,TRUE
"27760",541,186,1275,541,1816,"intrinsic neuron","20A in T1 LHS","None",NA,27760,"IN04B115_T1_L",NA,0.979313492774963,0.00424948101863265,0.0120718209072948,0.00436523696407676,"LegNpT1_L","11790,33516,47457","user",0.979313492774963,"IR","",NA,"Roughly traced","IR",NA,"IN04B115","LegNpT1_L",NA,"IN04B115","VFB_jrcv0lf4","11855,33516,47329","secondary","04B",NA,NA,"T1","LHS",NA,NA,NA,NA,NA,NA,"",NA,"18351,40162,46338","Traced",186,"acetylcholine",360,"acetylcholine",359478403,TRUE
"29988",393,198,1565,393,1958,"intrinsic neuron",NA,NA,NA,17935,"IN04B094_T1_L",NA,0.307063013315201,0.126224905252457,0.541752517223358,0.0249595288187265,"LegNpT1_L","20136,41319,50772","soma",0.541752517223358,"IR","",NA,"RT Orphan","IR",NA,"IN04B094","LegNpT1_L",NA,"IN04B094","VFB_jrcv0n50","","secondary","04B",NA,NA,"T1","LHS",17935,NA,NA,NA,NA,NA,"",NA,"20136,41319,50772","Traced",198,"glutamate",1546,"acetylcholine",335603354,TRUE
"36722",580,224,1608,580,2188,"intrinsic neuron","4B? in T1 LHS","None",NA,14098,"IN04B100_T1_L",NA,0.871709167957306,0.0173542015254498,0.10544590651989,0.00549071375280619,"LegNpT1_L","16929,39862,46563","user",0.871709167957306,"IR","",NA,"Roughly traced","IR",NA,"IN04B100","LegNpT1_L",NA,"IN04B100","VFB_jrcv0sc2","16928,40392,47257","secondary","04B",14098,"independent leg","T1","LHS",NA,NA,NA,NA,NA,NA,"",NA,"20460,40024,47226","Traced",224,"acetylcholine",8209,"acetylcholine",449999030,TRUE
"38071",140,137,1261,140,1401,"intrinsic neuron",NA,NA,NA,14098,"IN04B100_T1_L",NA,0.112088769674301,0.198600590229034,0.654080748558044,0.0352298803627491,"LegNpT1_L","18143,39563,46132","soma",0.66469407081604,"IR","",NA,"RT Orphan","IR",NA,"IN04B100","LegNpT1_L",NA,"IN04B100","VFB_jrcv0tdj","","secondary","04B",NA,NA,"T1","LHS",19994,NA,NA,NA,NA,NA,"",NA,"18143,39563,46132","Traced",137,"glutamate",8209,"acetylcholine",217267775,TRUE
